OID;file_origin;Design;Level;Design_coded;Level_coded;TRUST;DOMINANCE;RHTRUST;Resp_Bic;Resp_Car;Resp_Driver;Resp_Producer;Sex;Age;Car_Owner;km_year;Education;Income;MC_autonom;MC_babyface;MC_baseline;MC_aggressive;MC_wide;Trust_1;Trust_2;Trust_3;RH_Trust_1;RH_Trust_2;RH_Trust_3;RH_Trust_4;RH_Trust_5;RH_Trust_6;RH_Trust_7;RH_Trust_8;RH_Trust_9;Dominance_1;Dominance_2;Dominance_3;Quality_1;Quality_2;Quality_3;Quality_4;Quality_5
1;Resp_Aggr_LP;1;1;aggressive;level 5;333.333.333.333.333;466.666.666.666.667;533.333.333.333.333;7;1;3;1;female;24;2;400;5;1;11;2;3;6;4;3;4;3;6;3;4;6;6;6;6;5;6;4;5;5;7;4;6;6;1
2;Resp_Aggr_LP;1;0;aggressive;level 3;5;4;522.222.222.222.222;2;4;7;5;female;29;2;2000;5;1;6;1;4;1;3;5;5;5;5;5;5;5;6;4;6;6;5;4;1;7;6;2;7;7;1
4;Resp_Aggr_LP;1;1;aggressive;level 5;666.666.666.666.667;433.333.333.333.333;666.666.666.666.667;5;3;6;4;male;19;2;5000;5;1;8;3;2;3;3;7;7;6;7;7;7;7;7;5;7;6;7;5;3;5;7;6;7;6;1
5;Resp_Aggr_LP;0;0;baseline;level 3;466.666.666.666.667;333.333.333.333.333;411.111.111.111.111;6;4;6;6;male;50;1;40000;5;0;10;3;6;2;3;4;5;5;5;4;4;4;4;4;4;4;4;2;2;6;6;2;6;6;1
6;Resp_Aggr_LP;0;0;baseline;level 3;233.333.333.333.333;466.666.666.666.667;488.888.888.888.889;1;1;7;4;male;21;2;300;5;1;6;5;6;5;5;1;5;1;5;5;6;7;4;1;5;5;6;3;4;7;5;4;7;6;1
7;Resp_Aggr_LP;1;1;aggressive;level 5;5;533.333.333.333.333;522.222.222.222.222;2;6;4;5;female;24;2;2000;5;1;11;1;2;5;4;5;5;5;5;4;5;7;5;5;5;6;5;6;5;5;7;3;7;7;1
8;Resp_Aggr_LP;1;0;aggressive;level 3;4;4;4;4;1;7;6;female;26;1;15000;3;3;5;2;2;2;5;4;4;4;4;5;2;7;4;4;4;4;2;3;3;6;7;1;7;7;1
9;Resp_Aggr_LP;1;1;aggressive;level 5;4;4;266.666.666.666.667;3;3;3;5;female;29;1;15000;3;2;9;3;3;1;3;4;4;4;3;2;2;2;3;2;3;4;3;4;3;5;7;2;6;7;1
11;Resp_Aggr_LP;1;0;aggressive;level 3;366.666.666.666.667;333.333.333.333.333;411.111.111.111.111;1;7;7;4;female;26;1;10000;3;3;3;1;5;2;4;3;4;4;2;3;7;5;4;4;4;4;4;3;1;6;4;4;7;7;1
12;Resp_Aggr_LP;0;0;baseline;level 3;1;233.333.333.333.333;155.555.555.555.556;1;7;1;1;male;59;1;10000;3;3;8;5;2;1;5;1;1;1;2;1;1;5;1;1;1;1;1;1;1;5;5;2;5;5;1
13;Resp_Aggr_LP;1;0;aggressive;level 3;266.666.666.666.667;4;377.777.777.777.778;2;5;7;5;female;54;1;25000;5;4;9;3;5;6;3;2;4;2;3;4;5;5;5;3;4;2;3;2;6;4;7;1;7;6;1
14;Resp_Aggr_LP;1;1;aggressive;level 5;3;433.333.333.333.333;433.333.333.333.333;5;5;1;5;female;47;1;20000;5;2;9;1;2;2;3;2;3;4;4;3;6;5;5;3;5;4;4;3;4;6;6;4;7;7;1
15;Resp_Aggr_LP;0;0;baseline;level 3;533.333.333.333.333;433.333.333.333.333;611.111.111.111.111;2;6;7;4;female;47;1;18000;4;3;9;1;6;1;5;6;6;4;6;6;6;6;6;6;6;6;7;5;1;7;7;1;7;7;1
16;Resp_Aggr_LP;1;1;aggressive;level 5;166.666.666.666.667;3;266.666.666.666.667;3;3;4;3;male;39;1;12000;4;3;9;1;1;1;1;1;1;3;2;3;2;3;4;3;3;2;2;1;1;7;3;4;7;3;4
18;Resp_Aggr_LP;1;1;aggressive;level 5;466.666.666.666.667;4;588.888.888.888.889;2;6;6;2;male;62;1;5000;2;2;6;1;3;1;5;5;4;5;5;4;7;6;7;5;5;7;7;4;1;7;5;1;7;7;1
20;Resp_Aggr_LP;1;0;aggressive;level 3;3;3;488.888.888.888.889;1;1;7;1;male;62;1;20000;3;3;9;1;4;2;3;3;3;3;4;3;7;4;7;3;5;7;4;1;1;7;4;1;7;7;1
21;Resp_Aggr_LP;1;1;aggressive;level 5;5;6;422.222.222.222.222;4;4;1;4;female;41;2;5000;5;4;11;1;4;7;7;5;5;5;5;1;5;5;4;4;5;4;5;4;7;7;7;1;7;7;1
22;Resp_Aggr_LP;1;1;aggressive;level 5;5;3;411.111.111.111.111;1;7;1;7;female;60;1;200000;2;1;11;1;5;4;1;5;5;5;5;1;5;5;5;5;5;1;5;1;1;7;1;7;7;7;1
24;Resp_Aggr_LP;1;1;aggressive;level 5;5;3;266.666.666.666.667;4;1;4;1;male;52;1;40000;5;5;9;1;2;2;5;5;5;5;4;1;1;4;4;1;4;1;4;1;1;7;7;1;7;7;1
25;Resp_Aggr_LP;1;0;aggressive;level 3;1;5;433.333.333.333.333;7;1;7;7;female;32;1;40000;2;2;6;1;3;7;1;1;1;1;1;7;4;4;5;1;3;7;7;7;7;1;7;3;7;7;1
26;Resp_Aggr_LP;0;0;baseline;level 3;433.333.333.333.333;366.666.666.666.667;388.888.888.888.889;1;5;7;2;female;55;1;10000;3;3;6;6;1;1;4;2;6;5;5;1;1;6;6;5;2;5;4;3;1;7;7;1;6;7;1
29;Resp_Aggr_LP;1;1;aggressive;level 5;466.666.666.666.667;466.666.666.666.667;433.333.333.333.333;2;1;5;5;female;27;2;20000;5;4;9;2;2;5;5;5;5;4;5;4;4;4;4;3;5;5;5;4;5;5;7;1;7;6;1
30;Resp_Aggr_LP;0;0;baseline;level 3;4;366.666.666.666.667;388.888.888.888.889;3;4;4;4;male;59;1;45000;5;4;8;2;2;2;2;4;4;4;4;4;4;4;6;1;4;4;4;2;3;6;6;3;6;6;1
31;Resp_Aggr_LP;1;1;aggressive;level 5;3;5;255.555.555.555.556;2;6;7;2;female;29;1;10000;4;2;10;1;2;2;1;3;3;3;2;2;2;2;4;1;2;3;5;2;6;7;7;1;7;7;1
32;Resp_Aggr_LP;1;1;aggressive;level 5;366.666.666.666.667;166.666.666.666.667;355.555.555.555.556;2;5;7;3;male;27;1;20000;4;3;8;1;3;1;6;2;5;4;1;3;5;7;1;1;6;5;3;1;1;3;5;5;7;7;1
34;Resp_Aggr_LP;1;0;aggressive;level 3;2;333.333.333.333.333;2;1;7;3;7;male;30;1;15000;3;3;9;1;2;2;5;2;2;2;2;2;2;2;2;2;2;2;2;2;2;6;5;2;6;5;1
35;Resp_Aggr_LP;1;1;aggressive;level 5;533.333.333.333.333;366.666.666.666.667;555.555.555.555.556;1;7;5;5;female;59;1;4500;3;3;8;1;2;2;6;5;5;6;5;4;6;5;6;6;6;6;6;2;2;7;2;4;6;7;1
36;Resp_Aggr_LP;0;1;baseline;level 5;1;433.333.333.333.333;288.888.888.888.889;5;4;2;1;female;52;1;7000;3;2;10;1;3;4;6;1;1;1;2;3;1;2;1;5;1;4;7;5;1;7;7;1;7;7;1
37;Resp_Aggr_LP;1;1;aggressive;level 5;466.666.666.666.667;3;444.444.444.444.444;2;6;4;6;male;54;1;6000;2;4;3;1;6;1;4;4;5;5;5;2;1;7;5;3;6;5;6;1;1;7;6;5;7;7;1
38;Resp_Aggr_LP;1;0;aggressive;level 3;4;5;433.333.333.333.333;2;6;5;6;female;24;1;1100;5;1;8;2;3;6;5;4;4;4;5;4;5;5;5;4;4;3;4;5;5;5;6;5;7;7;1
39;Resp_Aggr_LP;1;1;aggressive;level 5;433.333.333.333.333;433.333.333.333.333;488.888.888.888.889;1;7;5;7;male;71;1;20000;5;3;5;4;4;1;5;5;4;4;1;3;7;7;7;1;7;4;7;4;2;7;7;1;7;7;1
41;Resp_Aggr_LP;1;0;aggressive;level 3;433.333.333.333.333;533.333.333.333.333;477.777.777.777.778;3;6;2;6;male;24;1;10000;5;2;8;2;3;5;3;5;5;3;5;4;5;6;5;2;5;5;6;5;5;6;7;2;2;5;1
43;Resp_Aggr_LP;1;0;aggressive;level 3;433.333.333.333.333;6;377.777.777.777.778;2;4;7;4;female;25;1;3000;5;1;7;1;1;5;4;5;5;3;4;3;2;5;7;1;2;5;5;7;4;7;7;1;7;7;7
44;Resp_Aggr_LP;1;1;aggressive;level 5;333.333.333.333.333;366.666.666.666.667;444.444.444.444.444;5;2;6;6;female;23;1;15000;5;1;5;1;4;7;2;3;3;4;3;1;6;7;4;2;5;6;6;1;5;5;7;5;7;7;1
47;Resp_Aggr_LP;1;0;aggressive;level 3;333.333.333.333.333;3;511.111.111.111.111;1;4;7;5;male;23;2;200;5;1;4;3;3;1;6;2;4;4;4;5;6;6;5;4;5;5;6;1;1;7;7;1;7;7;1
48;Resp_Aggr_LP;1;1;aggressive;level 5;2;533.333.333.333.333;255.555.555.555.556;1;7;1;7;male;43;1;15000;5;5;11;1;5;5;5;2;2;2;2;2;2;4;3;2;2;2;4;4;5;7;6;1;6;6;1
49;Resp_Aggr_LP;0;0;baseline;level 3;4;466.666.666.666.667;388.888.888.888.889;5;4;7;6;female;28;1;10000;3;3;4;1;4;6;5;4;4;4;4;3;4;4;5;3;3;4;5;4;6;4;7;1;7;6;1
50;Resp_Aggr_LP;1;1;aggressive;level 5;433.333.333.333.333;4;433.333.333.333.333;4;4;2;1;female;28;1;20000;5;3;10;3;6;2;4;5;4;4;4;5;5;5;6;4;3;3;4;3;2;7;7;1;7;7;1
52;Resp_Aggr_LP;1;0;aggressive;level 3;233.333.333.333.333;433.333.333.333.333;144.444.444.444.444;3;3;3;3;male;29;1;35000;3;3;3;1;2;4;3;1;3;3;1;1;1;3;3;1;1;1;1;2;5;6;6;2;6;6;1
53;Resp_Aggr_LP;1;1;aggressive;level 5;4;466.666.666.666.667;511.111.111.111.111;2;3;4;6;male;42;1;10000;2;3;4;2;6;5;4;4;4;4;6;6;6;6;6;4;4;4;4;2;6;6;5;2;6;5;1
54;Resp_Aggr_LP;0;1;baseline;level 5;466.666.666.666.667;3;555.555.555.555.556;4;3;5;4;male;24;2;4000;5;2;4;5;5;1;1;5;4;5;6;6;5;7;7;5;4;5;5;1;1;7;7;1;7;7;1
56;Resp_Aggr_LP;1;1;aggressive;level 5;6;3;7;4;4;4;4;male;51;1;15000;5;5;8;1;7;1;7;4;7;7;7;7;7;7;7;7;7;7;7;3;1;5;7;3;7;5;1
58;Resp_Aggr_LP;1;0;aggressive;level 3;2;366.666.666.666.667;288.888.888.888.889;1;7;5;7;female;25;2;150;5;1;3;2;2;4;5;2;2;2;2;2;2;3;3;2;2;6;4;2;2;7;1;1;7;7;1
59;Resp_Aggr_LP;1;0;aggressive;level 3;466.666.666.666.667;333.333.333.333.333;422.222.222.222.222;5;5;2;5;female;25;1;12000;4;1;9;2;6;2;5;5;5;4;4;3;5;4;5;2;5;5;5;2;2;6;7;2;7;7;1
60;Resp_Aggr_LP;1;0;aggressive;level 3;5;466.666.666.666.667;5;1;7;5;7;female;23;1;4000;5;1;9;1;3;2;6;5;5;5;4;5;5;6;6;4;5;5;5;6;3;5;7;1;7;7;1
61;Resp_Aggr_LP;1;1;aggressive;level 5;3;466.666.666.666.667;355.555.555.555.556;5;6;3;6;female;20;1;5000;5;2;9;2;4;3;5;3;3;3;2;4;4;3;4;2;5;4;4;5;4;5;7;1;7;7;1
62;Resp_Aggr_LP;1;0;aggressive;level 3;3;533.333.333.333.333;366.666.666.666.667;2;7;6;4;female;21;2;1000;5;1;9;1;3;3;3;3;3;3;4;4;4;4;4;3;3;3;4;5;5;6;6;5;7;7;1
63;Resp_Aggr_LP;1;0;aggressive;level 3;2;4;566.666.666.666.667;3;2;7;1;male;27;1;15000;5;4;5;1;3;6;6;1;4;1;7;7;7;7;7;4;4;4;4;1;4;7;6;2;7;7;1
64;Resp_Aggr_LP;1;1;aggressive;level 5;3;333.333.333.333.333;433.333.333.333.333;4;2;4;2;male;28;1;35000;3;4;9;2;3;3;3;2;4;3;3;4;4;6;5;3;5;5;4;2;2;6;5;2;7;6;1
66;Resp_Aggr_LP;0;0;baseline;level 3;366.666.666.666.667;4;4;5;3;5;2;female;23;1;1000;5;2;9;1;7;3;4;4;3;4;4;4;4;4;4;4;4;4;4;4;1;7;5;6;5;5;1
67;Resp_Aggr_LP;1;1;aggressive;level 5;3;5;333.333.333.333.333;4;4;4;4;female;27;1;12000;5;1;10;3;5;6;5;3;3;3;4;3;5;4;4;2;2;3;3;5;5;5;7;4;7;6;1
68;Resp_Aggr_LP;1;0;aggressive;level 3;366.666.666.666.667;366.666.666.666.667;355.555.555.555.556;4;4;4;2;male;31;1;15000;4;4;8;3;3;3;3;4;4;3;3;4;4;3;3;4;4;4;3;3;4;4;7;2;7;6;1
70;Resp_Aggr_LP;1;1;aggressive;level 5;466.666.666.666.667;333.333.333.333.333;388.888.888.888.889;7;7;7;5;female;28;1;40000;5;3;9;1;6;2;3;7;3;4;3;4;3;5;4;2;4;5;5;2;2;6;5;5;7;6;1
71;Resp_Aggr_LP;1;1;aggressive;level 5;233.333.333.333.333;166.666.666.666.667;4;4;4;4;4;male;30;1;8000;4;4;8;4;4;2;5;1;3;3;4;5;5;5;7;1;3;3;3;1;1;3;7;1;7;7;1
73;Resp_Aggr_LP;0;0;baseline;level 3;4;466.666.666.666.667;466.666.666.666.667;3;5;4;5;female;24;1;3000;5;2;7;4;4;5;5;4;4;4;5;5;4;5;5;3;5;5;5;6;6;2;6;2;6;6;1
74;Resp_Aggr_LP;1;0;aggressive;level 3;233.333.333.333.333;133.333.333.333.333;422.222.222.222.222;4;4;4;4;female;26;1;20000;5;2;11;5;7;2;6;1;3;3;2;2;6;6;4;3;5;5;5;1;1;2;6;1;6;6;1
76;Resp_Aggr_LP;1;0;aggressive;level 3;3;533.333.333.333.333;4;2;2;2;6;female;30;1;40000;5;3;9;2;3;3;2;3;3;3;3;5;5;5;5;2;3;3;5;4;5;7;2;6;7;6;1
77;Resp_Aggr_LP;1;0;aggressive;level 3;3;366.666.666.666.667;322.222.222.222.222;3;3;4;2;female;21;1;3000;5;1;8;2;3;2;2;3;3;3;3;3;3;3;5;2;3;3;4;3;2;6;6;1;7;5;1
78;Resp_Aggr_LP;0;0;baseline;level 3;5;566.666.666.666.667;5;6;2;5;3;female;23;1;2000;5;1;8;2;4;5;6;5;5;5;5;5;5;5;5;5;5;5;5;6;5;6;7;2;7;7;1
79;Resp_Aggr_LP;1;1;aggressive;level 5;1;566.666.666.666.667;3;1;5;7;7;female;45;1;10000;5;3;9;1;1;7;5;1;1;1;4;3;2;2;6;2;2;2;4;3;7;7;7;1;6;7;1
81;Resp_Aggr_LP;0;1;baseline;level 5;6;366.666.666.666.667;544.444.444.444.444;2;6;5;6;female;24;2;10000;5;1;11;6;6;2;2;6;6;6;5;5;5;6;6;6;5;5;6;3;2;6;7;2;7;7;1
82;Resp_Aggr_LP;1;0;aggressive;level 3;5;366.666.666.666.667;522.222.222.222.222;3;5;3;5;female;21;1;10000;5;1;9;2;4;3;3;5;5;5;5;5;5;6;6;3;5;6;6;3;3;5;6;2;6;6;1
85;Resp_Aggr_LP;0;1;baseline;level 5;533.333.333.333.333;466.666.666.666.667;533.333.333.333.333;2;7;1;7;female;26;1;50000;5;1;9;2;3;1;5;5;5;6;5;4;6;5;7;5;5;6;5;6;2;6;6;3;6;5;1
86;Resp_Aggr_LP;1;1;aggressive;level 5;2;5;366.666.666.666.667;4;5;6;5;female;18;1;500;5;1;3;2;3;4;3;2;2;2;4;4;4;4;3;1;5;4;4;5;3;7;6;2;7;5;1
87;Resp_Aggr_LP;0;1;baseline;level 5;466.666.666.666.667;166.666.666.666.667;466.666.666.666.667;3;5;1;5;male;24;1;14000;3;1;10;3;6;1;3;6;4;4;4;4;4;7;4;1;4;7;7;1;1;3;7;1;7;7;1
88;Resp_Aggr_LP;1;0;aggressive;level 3;5;533.333.333.333.333;488.888.888.888.889;2;6;4;7;male;27;1;15000;5;1;8;3;5;5;5;6;4;5;5;5;6;6;6;4;5;3;4;5;6;5;6;3;7;6;1
89;Resp_Aggr_LP;1;1;aggressive;level 5;1;3;266.666.666.666.667;1;7;7;7;female;20;1;16000;5;2;3;6;2;1;2;1;1;1;1;3;3;3;4;2;2;3;3;1;1;7;5;2;7;7;1
90;Resp_Aggr_LP;0;0;baseline;level 3;233.333.333.333.333;333.333.333.333.333;455.555.555.555.556;5;5;5;3;female;25;2;0;5;1;7;5;3;2;5;3;2;2;2;5;5;6;6;2;5;5;5;3;2;5;5;2;5;6;1
92;Resp_Aggr_LP;0;0;baseline;level 3;3;133.333.333.333.333;455.555.555.555.556;5;5;7;5;female;26;1;6000;5;3;8;4;2;1;1;3;4;2;4;6;4;5;5;3;4;4;6;1;1;2;7;1;7;5;1
93;Resp_Aggr_LP;1;0;aggressive;level 3;7;433.333.333.333.333;644.444.444.444.444;6;3;6;2;male;32;1;15000;5;5;10;2;7;2;2;7;7;7;7;7;7;7;7;6;6;5;6;5;1;7;7;1;7;7;1
94;Resp_Aggr_LP;1;1;aggressive;level 5;4;366.666.666.666.667;4;1;7;7;6;female;25;1;15000;5;2;9;1;6;1;1;4;4;4;4;4;5;5;5;2;4;2;5;3;1;7;2;2;7;7;1
96;Resp_Aggr_LP;1;1;aggressive;level 5;4;3;4;3;7;6;5;female;36;1;3000;5;2;9;1;4;1;2;4;4;4;4;4;4;4;4;4;4;4;4;1;1;7;7;1;7;7;1
98;Resp_Aggr_LP;0;1;baseline;level 5;4;433.333.333.333.333;344.444.444.444.444;3;3;3;4;male;25;1;10000;5;1;8;5;4;5;5;4;4;4;4;4;3;3;3;3;4;4;3;5;4;4;3;5;4;4;1
99;Resp_Aggr_LP;1;1;aggressive;level 5;2;3;588.888.888.888.889;1;7;3;7;female;59;1;10000;5;4;9;1;6;3;7;1;1;4;7;5;6;7;7;5;5;5;6;1;1;7;7;1;7;7;1
100;Resp_Aggr_LP;1;1;aggressive;level 5;4;3;444.444.444.444.444;4;4;1;1;female;29;1;15000;5;3;9;2;2;2;2;4;4;4;2;4;5;7;4;4;2;5;7;2;2;5;6;2;6;5;1
101;Resp_Aggr_LP;1;1;aggressive;level 5;3;466.666.666.666.667;377.777.777.777.778;3;4;1;4;male;24;2;3000;5;3;10;3;7;3;6;3;3;3;4;3;5;5;4;2;2;3;6;3;6;5;7;2;7;7;1
102;Resp_Aggr_LP;0;0;baseline;level 3;4;466.666.666.666.667;455.555.555.555.556;1;4;7;5;female;22;2;5000;5;1;4;1;3;1;4;4;5;3;4;3;5;6;6;3;4;5;5;5;2;7;6;2;7;7;1
103;Resp_Aggr_LP;1;0;aggressive;level 3;433.333.333.333.333;533.333.333.333.333;488.888.888.888.889;5;6;7;5;female;25;2;110;5;1;9;1;3;5;6;4;5;4;5;4;4;6;5;3;6;7;4;5;5;6;7;4;7;6;1
105;Resp_Aggr_LP;0;0;baseline;level 3;6;266.666.666.666.667;644.444.444.444.444;1;7;3;7;female;74;1;6000;2;1;8;2;5;1;3;5;6;7;7;7;7;7;7;7;7;4;5;3;1;4;7;1;5;7;1
106;Resp_Aggr_LP;1;1;aggressive;level 5;6;3;511.111.111.111.111;7;1;3;1;male;21;1;30000;5;1;11;3;1;1;1;6;6;6;4;4;4;3;7;6;6;6;6;1;1;7;3;2;7;7;1
107;Resp_Aggr_LP;1;1;aggressive;level 5;4;3;344.444.444.444.444;1;7;4;5;female;25;1;30000;5;2;11;3;4;2;5;4;4;4;4;1;4;6;4;4;4;2;2;1;1;7;6;2;7;7;1
109;Resp_Aggr_LP;1;1;aggressive;level 5;1;3;355.555.555.555.556;2;3;6;4;female;21;2;2000;5;1;9;2;6;1;4;1;1;1;3;1;5;6;5;1;2;4;5;1;1;7;7;1;7;7;1
111;Resp_Aggr_LP;0;0;baseline;level 3;433.333.333.333.333;4;444.444.444.444.444;1;7;7;7;female;26;1;10000;5;1;7;1;5;2;4;4;5;4;4;3;6;6;5;2;3;5;6;3;2;7;7;1;7;7;1
112;Resp_Aggr_LP;1;1;aggressive;level 5;366.666.666.666.667;4;311.111.111.111.111;1;7;3;7;female;25;1;10000;5;1;8;4;4;1;5;3;4;4;4;3;3;5;3;1;2;3;4;3;3;6;7;1;7;7;1
113;Resp_Aggr_LP;0;0;baseline;level 3;4;3;388.888.888.888.889;2;6;4;3;male;25;1;12000;5;4;3;3;6;2;2;4;5;3;3;3;4;4;4;2;5;5;5;1;1;7;5;5;7;7;1
114;Resp_Aggr_LP;1;0;aggressive;level 3;4;633.333.333.333.333;444.444.444.444.444;2;4;6;7;female;23;1;3000;5;1;5;1;6;5;2;4;4;4;5;3;4;4;3;2;7;7;5;7;5;7;7;5;7;5;1
116;Resp_Aggr_LP;0;0;baseline;level 3;4;166.666.666.666.667;411.111.111.111.111;3;4;4;4;male;30;1;6000;4;3;8;2;5;2;3;4;4;4;5;3;4;5;4;2;5;5;4;1;1;3;4;2;7;7;1
117;Resp_Aggr_LP;1;0;aggressive;level 3;366.666.666.666.667;566.666.666.666.667;433.333.333.333.333;2;6;7;7;female;58;1;30000;5;4;8;1;2;5;4;5;4;2;4;5;5;5;5;4;4;3;4;5;5;7;5;1;7;5;1
118;Resp_Aggr_LP;1;1;aggressive;level 5;4;4;422.222.222.222.222;2;6;6;6;female;33;1;10000;3;1;6;2;4;4;4;4;4;4;4;4;4;6;4;4;4;4;4;4;4;4;4;6;4;4;1
119;Resp_Aggr_LP;1;1;aggressive;level 5;7;333.333.333.333.333;7;4;4;4;4;male;27;2;-99;5;3;11;4;6;2;4;7;7;7;7;7;7;7;7;7;7;7;7;2;2;6;7;1;7;7;1
121;Resp_Aggr_LP;1;0;aggressive;level 3;2;4;388.888.888.888.889;1;2;7;5;male;49;1;10000;2;0;4;5;1;2;2;1;3;2;5;4;5;5;4;2;3;2;5;2;3;7;3;2;7;6;1
124;Resp_Aggr_LP;0;0;baseline;level 3;4;3;522.222.222.222.222;1;4;4;5;female;47;1;15000;5;5;9;1;5;1;5;4;4;4;4;4;4;6;6;5;6;6;6;1;1;7;7;1;7;7;1
125;Resp_Aggr_LP;1;0;aggressive;level 3;366.666.666.666.667;533.333.333.333.333;355.555.555.555.556;2;5;5;7;male;55;1;10000;4;4;4;4;2;5;5;5;3;3;3;3;4;5;3;3;3;4;4;5;5;6;7;1;7;7;1
126;Resp_Aggr_LP;1;1;aggressive;level 5;4;466.666.666.666.667;388.888.888.888.889;2;7;7;7;female;52;1;1000;3;1;8;2;2;5;4;4;4;4;4;4;2;4;6;4;4;3;4;4;4;6;3;4;4;3;1
128;Resp_Aggr_LP;1;1;aggressive;level 5;5;3;511.111.111.111.111;1;1;6;6;female;23;2;80;5;1;7;1;6;1;4;5;5;5;5;5;5;6;6;2;6;5;6;1;1;7;7;2;7;7;1
131;Resp_Aggr_LP;1;1;aggressive;level 5;266.666.666.666.667;533.333.333.333.333;388.888.888.888.889;1;7;6;7;female;51;1;20000;3;3;6;1;5;6;1;2;3;3;4;3;5;4;3;4;4;4;4;4;5;7;7;1;7;7;1
132;Resp_Aggr_LP;0;0;baseline;level 3;4;333.333.333.333.333;333.333.333.333.333;1;7;1;7;male;52;1;25000;3;4;6;2;5;1;1;4;4;4;2;2;2;4;4;4;4;4;4;2;2;6;7;1;7;7;1
134;Resp_Aggr_LP;1;0;aggressive;level 3;4;633.333.333.333.333;433.333.333.333.333;2;5;4;5;female;24;2;3000;5;1;8;3;3;6;4;4;5;3;5;5;3;4;4;4;4;5;5;6;6;7;5;3;6;6;1
135;Resp_Aggr_LP;1;1;aggressive;level 5;466.666.666.666.667;366.666.666.666.667;444.444.444.444.444;4;4;7;4;male;38;1;15000;5;5;5;1;1;3;5;5;5;4;4;3;5;5;6;4;4;4;5;3;3;5;6;1;7;5;1
136;Resp_Aggr_LP;1;1;aggressive;level 5;3;366.666.666.666.667;377.777.777.777.778;3;5;5;5;male;52;1;12000;3;5;4;3;3;3;3;3;3;3;4;3;3;3;3;3;4;6;5;3;3;5;6;4;5;5;1
139;Resp_Aggr_LP;0;1;baseline;level 5;3;266.666.666.666.667;366.666.666.666.667;4;4;2;4;male;29;1;15000;5;3;10;3;6;1;4;2;4;3;2;4;4;4;6;1;4;4;4;1;1;6;7;1;7;6;1
140;Resp_Aggr_LP;1;0;aggressive;level 3;3;466.666.666.666.667;377.777.777.777.778;1;3;5;2;female;27;1;15000;4;2;4;4;4;5;5;3;3;3;4;3;3;3;3;4;4;5;5;4;4;6;5;1;7;6;1
142;Resp_Aggr_LP;0;1;baseline;level 5;6;466.666.666.666.667;455.555.555.555.556;2;6;6;6;female;24;2;40;5;1;4;4;6;1;4;6;6;6;5;4;5;6;4;4;4;4;5;5;3;6;6;4;7;6;1
143;Resp_Aggr_LP;1;0;aggressive;level 3;266.666.666.666.667;466.666.666.666.667;511.111.111.111.111;3;1;6;4;female;24;1;17000;4;3;9;2;4;5;3;2;3;3;4;5;6;6;6;1;6;6;6;4;4;6;6;1;7;7;1
144;Resp_Aggr_LP;1;1;aggressive;level 5;366.666.666.666.667;466.666.666.666.667;4;2;5;3;4;female;28;1;15000;4;3;10;2;3;4;4;3;4;4;4;3;4;5;4;3;4;4;5;5;3;6;5;2;7;2;1
146;Resp_Aggr_LP;1;1;aggressive;level 5;433.333.333.333.333;466.666.666.666.667;377.777.777.777.778;1;7;5;6;female;25;1;2000;5;2;8;2;2;5;6;5;5;3;2;3;5;5;3;3;3;5;5;5;6;3;6;3;7;6;1
147;Resp_Aggr_LP;0;0;baseline;level 3;4;433.333.333.333.333;311.111.111.111.111;2;6;6;6;female;25;1;17000;5;1;9;3;4;3;5;4;4;4;4;3;3;3;3;3;3;3;3;5;2;6;6;2;7;7;1
148;Resp_Aggr_LP;1;1;aggressive;level 5;4;4;333.333.333.333.333;4;4;1;4;female;51;1;30000;2;2;11;1;7;1;4;4;4;4;4;1;4;4;4;1;4;4;4;4;1;7;7;1;7;7;1
149;Resp_Aggr_LP;1;0;aggressive;level 3;7;5;666.666.666.666.667;1;1;7;7;male;31;2;0;5;2;9;1;7;1;7;7;7;7;7;7;7;7;7;7;7;4;7;7;1;7;7;1;7;5;1
150;Resp_Aggr_LP;0;1;baseline;level 5;233.333.333.333.333;366.666.666.666.667;177.777.777.777.778;1;7;3;7;male;58;1;10000;5;5;8;1;5;3;1;2;3;2;1;1;1;3;2;2;2;2;2;2;3;6;5;4;5;3;1
151;Resp_Aggr_LP;0;1;baseline;level 5;3;333.333.333.333.333;488.888.888.888.889;2;6;1;6;male;52;1;10000;5;3;11;1;6;2;5;2;4;3;4;4;7;4;4;4;4;6;7;2;2;6;7;1;7;7;1
152;Resp_Aggr_LP;1;1;aggressive;level 5;3;3;4;1;7;1;7;male;30;1;10000;5;1;11;5;6;2;2;2;4;3;4;4;4;4;4;1;4;6;5;1;1;7;7;1;7;6;1
155;Resp_Aggr_LP;1;0;aggressive;level 3;5;433.333.333.333.333;344.444.444.444.444;2;5;6;6;female;25;1;8000;5;2;3;1;5;3;1;5;5;5;4;4;4;6;2;1;4;1;5;3;3;7;6;3;7;7;1
156;Resp_Aggr_LP;1;1;aggressive;level 5;266.666.666.666.667;5;333.333.333.333.333;4;5;5;6;female;22;1;10000;5;2;11;1;2;7;5;3;3;2;4;2;5;3;4;3;4;3;2;5;7;3;6;3;6;7;1
158;Resp_Aggr_LP;1;1;aggressive;level 5;433.333.333.333.333;366.666.666.666.667;522.222.222.222.222;5;7;5;7;male;26;1;10000;5;1;10;5;3;2;4;5;5;3;3;6;6;6;6;2;6;6;6;3;3;5;7;2;7;7;1
159;Resp_Aggr_LP;1;0;aggressive;level 3;233.333.333.333.333;466.666.666.666.667;322.222.222.222.222;7;7;3;6;female;30;2;0;4;1;2;1;4;4;5;3;3;1;1;1;5;5;3;1;5;4;4;2;5;7;7;1;7;5;1
161;Resp_Aggr_LP;1;1;aggressive;level 5;6;266.666.666.666.667;522.222.222.222.222;5;2;1;5;male;30;1;15000;5;4;10;5;7;1;4;6;6;6;5;5;5;7;5;5;5;5;5;1;1;6;7;4;7;5;1
162;Resp_Aggr_LP;1;0;aggressive;level 3;6;366.666.666.666.667;577.777.777.777.778;1;6;3;5;female;28;2;1000;5;1;9;1;6;2;3;6;6;6;6;6;6;6;6;5;5;6;6;3;1;7;7;1;6;7;1
163;Resp_Aggr_LP;1;1;aggressive;level 5;5;366.666.666.666.667;544.444.444.444.444;2;5;6;6;female;28;2;1000;4;2;8;2;3;3;3;5;5;5;6;6;6;4;5;5;6;6;5;2;3;6;7;2;7;7;1
164;Resp_Aggr_LP;0;0;baseline;level 3;5;6;422.222.222.222.222;4;4;4;4;male;49;1;8000;2;3;1;1;5;2;5;5;5;5;4;4;4;4;4;4;4;4;6;6;5;7;4;2;7;5;1
165;Resp_Aggr_LP;0;0;baseline;level 3;5;333.333.333.333.333;444.444.444.444.444;2;6;4;4;male;47;1;15000;2;0;10;1;7;1;1;5;4;6;5;6;2;7;5;3;4;4;4;2;1;7;7;1;7;7;1
167;Resp_Aggr_LP;1;1;aggressive;level 5;2;366.666.666.666.667;5;2;6;7;7;male;49;1;18000;5;5;4;1;6;2;6;2;2;2;4;4;4;6;7;2;6;6;6;3;2;6;7;1;7;7;1
168;Resp_Aggr_LP;0;1;baseline;level 5;4;566.666.666.666.667;466.666.666.666.667;3;3;2;3;female;35;1;10000;3;2;6;5;7;1;5;4;4;4;4;5;4;5;5;4;5;5;5;5;5;7;6;5;7;6;1
170;Resp_Aggr_LP;0;1;baseline;level 5;1;466.666.666.666.667;1;1;7;1;7;male;34;1;10000;4;1;11;2;7;2;2;1;1;1;1;1;1;1;1;1;1;1;1;6;6;2;7;1;7;7;1
171;Resp_Baby_JF;2;0;babyfaced;level 3;166.666.666.666.667;133.333.333.333.333;377.777.777.777.778;1;4;6;5;male;57;1;20000;4;2;4;7;6;1;3;1;2;2;3;2;4;5;4;2;5;5;4;1;1;2;6;2;6;7;1
174;Resp_Baby_JF;2;0;babyfaced;level 3;366.666.666.666.667;233.333.333.333.333;533.333.333.333.333;2;2;6;2;female;27;2;10000;5;1;2;6;3;6;2;2;4;5;4;6;6;4;3;7;6;6;6;2;2;3;5;1;6;7;4
175;Resp_Baby_JF;0;0;baseline;level 3;4;433.333.333.333.333;511.111.111.111.111;5;1;5;1;female;20;2;-99;5;1;9;4;5;3;6;2;5;5;5;3;5;7;7;2;6;5;6;5;4;4;7;2;6;7;1
177;Resp_Baby_JF;2;0;babyfaced;level 3;433.333.333.333.333;366.666.666.666.667;444.444.444.444.444;4;5;4;3;male;26;2;50;6;1;8;4;4;4;4;5;4;4;4;4;5;5;5;4;4;5;4;4;4;3;4;5;6;5;5
179;Resp_Baby_JF;0;0;baseline;level 3;4;366.666.666.666.667;444.444.444.444.444;4;4;3;5;male;-99;1;-99;1;2;6;4;3;7;4;4;4;4;5;3;5;4;4;4;4;5;6;5;3;3;4;6;4;5;5
181;Resp_Baby_JF;2;1;babyfaced;level 5;433.333.333.333.333;4;377.777.777.777.778;4;4;3;5;female;25;2;2000;5;1;7;5;4;2;3;5;4;4;3;4;5;5;6;1;3;3;4;4;2;6;4;4;5;4;4
182;Resp_Baby_JF;0;0;baseline;level 3;333.333.333.333.333;4;288.888.888.888.889;4;2;4;4;female;26;1;400000;5;2;9;5;2;3;4;4;2;4;4;4;2;2;2;1;3;3;5;4;4;4;7;4;4;4;4
183;Resp_Baby_JF;2;0;babyfaced;level 3;366.666.666.666.667;333.333.333.333.333;411.111.111.111.111;3;4;3;5;female;24;2;0;2;1;10;4;4;2;4;3;4;4;4;4;4;4;4;3;5;5;4;4;3;3;3;5;4;1;1
185;Resp_Baby_JF;2;0;babyfaced;level 3;533.333.333.333.333;3;411.111.111.111.111;2;5;5;2;female;51;1;70000;5;2;4;7;7;2;3;2;7;7;2;3;2;6;5;3;6;5;5;2;2;5;7;1;7;7;1
186;Resp_Baby_JF;2;0;babyfaced;level 3;5;466.666.666.666.667;377.777.777.777.778;3;4;4;1;male;25;1;5000;5;2;9;5;2;2;5;5;5;5;4;5;3;4;4;2;4;4;4;5;2;7;7;4;7;5;1
187;Resp_Baby_JF;0;0;baseline;level 3;466.666.666.666.667;366.666.666.666.667;366.666.666.666.667;4;6;6;7;female;26;2;7000;2;1;11;2;4;1;6;4;5;5;2;4;3;4;4;2;4;6;4;3;1;7;5;1;5;5;3
188;Resp_Baby_JF;2;0;babyfaced;level 3;4;3;6;0;0;0;0;male;21;2;1000;5;4;9;5;7;1;1;4;4;4;4;6;7;6;6;4;7;7;7;1;1;7;7;2;7;7;1
189;Resp_Baby_JF;2;1;babyfaced;level 5;366.666.666.666.667;233.333.333.333.333;355.555.555.555.556;3;3;3;2;male;19;1;900;5;1;9;1;5;1;4;3;4;4;4;4;4;4;4;2;4;3;3;2;1;4;7;1;7;7;1
190;Resp_Baby_JF;2;1;babyfaced;level 5;3;333.333.333.333.333;5;5;5;5;5;male;26;2;3289;4;1;8;4;5;3;3;3;3;3;3;4;5;5;5;6;6;6;5;3;4;3;4;5;3;4;5
191;Resp_Baby_JF;2;0;babyfaced;level 3;2;333.333.333.333.333;266.666.666.666.667;3;2;4;4;male;23;2;80000;5;1;8;4;3;1;1;2;2;2;3;2;2;3;2;5;2;3;2;3;1;6;7;3;5;5;5
193;Resp_Baby_JF;2;1;babyfaced;level 5;2;366.666.666.666.667;355.555.555.555.556;1;6;3;3;female;30;2;0;5;1;9;2;4;1;2;2;2;2;2;4;4;4;4;3;4;3;4;3;2;6;3;2;4;4;1
194;Resp_Baby_JF;2;0;babyfaced;level 3;233.333.333.333.333;433.333.333.333.333;4;2;5;5;5;female;27;2;1000;5;0;4;6;5;5;3;1;3;3;2;2;6;6;6;1;6;1;6;3;5;5;1;2;1;7;1
195;Resp_Baby_JF;0;0;baseline;level 3;2;333.333.333.333.333;333.333.333.333.333;4;4;4;4;female;26;2;900;5;1;7;2;6;2;4;2;2;2;3;3;4;3;4;3;3;3;4;3;2;5;2;5;4;5;1
197;Resp_Baby_JF;0;0;baseline;level 3;433.333.333.333.333;533.333.333.333.333;511.111.111.111.111;2;5;6;6;female;18;1;10000;5;1;8;3;5;5;6;5;5;3;5;4;6;6;5;2;6;6;6;5;5;6;6;2;7;7;1
199;Resp_Baby_JF;2;1;babyfaced;level 5;2;266.666.666.666.667;444.444.444.444.444;3;6;1;7;male;27;2;20;5;1;7;7;6;1;7;2;2;2;2;6;2;6;6;1;7;5;5;2;1;5;7;2;7;6;1
200;Resp_Baby_JF;2;0;babyfaced;level 3;233.333.333.333.333;3;411.111.111.111.111;6;4;4;2;female;25;2;3000;5;1;1;7;5;2;5;1;3;3;3;3;5;5;5;1;5;5;5;3;2;4;6;7;6;6;1
201;Resp_Baby_JF;2;1;babyfaced;level 5;266.666.666.666.667;533.333.333.333.333;533.333.333.333.333;4;4;1;2;male;24;2;100;5;1;6;4;2;5;3;2;3;3;3;6;6;5;6;4;6;6;6;4;5;7;3;5;3;5;1
202;Resp_Baby_JF;2;1;babyfaced;level 5;533.333.333.333.333;233.333.333.333.333;511.111.111.111.111;2;3;5;7;male;-99;1;-99;6;4;10;4;5;3;1;4;7;5;3;3;6;5;7;4;7;7;4;3;3;1;4;4;3;2;1
203;Resp_Baby_JF;2;1;babyfaced;level 5;366.666.666.666.667;266.666.666.666.667;477.777.777.777.778;4;4;4;6;female;32;2;12000;4;1;7;3;5;1;3;3;4;4;3;5;6;5;6;2;5;5;6;2;1;5;6;2;7;7;4
204;Resp_Baby_JF;0;0;baseline;level 3;533.333.333.333.333;433.333.333.333.333;388.888.888.888.889;5;3;5;3;male;31;1;14000;5;2;7;3;2;2;4;6;5;5;4;3;4;6;6;3;3;3;3;4;2;7;7;5;7;6;1
206;Resp_Baby_JF;2;0;babyfaced;level 3;566.666.666.666.667;3;555.555.555.555.556;6;2;2;3;female;-99;1;-99;5;4;8;7;7;1;5;6;6;5;5;5;6;6;6;6;4;6;6;1;1;7;7;1;7;7;1
207;Resp_Baby_JF;2;1;babyfaced;level 5;233.333.333.333.333;333.333.333.333.333;477.777.777.777.778;4;4;2;5;female;24;2;500;5;1;6;5;3;2;5;3;2;2;5;5;6;4;6;1;5;6;5;3;2;5;5;5;5;6;1
208;Resp_Baby_JF;2;0;babyfaced;level 3;5;333.333.333.333.333;5;2;5;3;6;male;26;2;1000;0;0;9;3;2;2;5;6;4;5;5;5;5;5;5;2;6;6;6;2;2;6;0;0;0;0;0
209;Resp_Baby_JF;2;1;babyfaced;level 5;333.333.333.333.333;233.333.333.333.333;377.777.777.777.778;1;7;4;5;male;45;1;10000;4;2;10;4;3;1;2;4;3;3;2;2;5;4;5;2;5;5;4;1;1;5;7;1;7;7;1
211;Resp_Baby_JF;2;1;babyfaced;level 5;566.666.666.666.667;4;6;6;5;4;6;female;51;1;9300;5;4;7;6;5;6;6;5;6;6;6;6;6;6;6;6;6;6;6;5;5;2;6;6;5;5;6
213;Resp_Baby_JF;0;1;baseline;level 5;366.666.666.666.667;333.333.333.333.333;422.222.222.222.222;1;7;7;5;male;27;2;0;5;2;5;1;7;1;3;3;4;4;4;4;4;4;4;4;4;5;5;4;2;4;7;1;7;7;1
214;Resp_Baby_JF;2;1;babyfaced;level 5;566.666.666.666.667;433.333.333.333.333;544.444.444.444.444;5;6;6;6;male;45;1;7000;5;5;9;6;5;6;5;5;6;6;5;5;5;6;6;5;6;5;6;6;5;2;6;5;5;6;6
219;Resp_Baby_JF;2;1;babyfaced;level 5;6;466.666.666.666.667;6;6;6;7;5;male;60;1;30000;4;5;8;7;6;6;7;6;6;6;7;6;5;6;5;6;6;6;7;7;5;2;7;6;6;5;6
221;Resp_Baby_JF;2;0;babyfaced;level 3;6;433.333.333.333.333;533.333.333.333.333;6;6;5;6;male;33;1;3980;5;4;6;6;6;5;5;6;6;6;4;6;5;6;6;5;5;5;6;5;6;2;5;6;6;6;6
222;Resp_Baby_JF;2;0;babyfaced;level 3;6;466.666.666.666.667;566.666.666.666.667;6;5;6;6;female;53;1;7600;5;5;7;6;6;5;5;6;6;6;5;6;6;6;6;5;5;6;6;5;5;4;6;6;6;6;6
223;Resp_Baby_JF;2;1;babyfaced;level 5;366.666.666.666.667;133.333.333.333.333;366.666.666.666.667;1;3;2;7;male;49;2;0;4;4;10;7;6;1;1;6;3;2;4;4;3;3;3;3;5;5;3;1;1;2;7;1;7;7;1
227;Resp_Baby_JF;2;1;babyfaced;level 5;2;133.333.333.333.333;277.777.777.777.778;2;5;2;6;female;62;2;0;3;2;6;7;5;1;2;2;2;2;3;2;2;3;4;4;3;2;2;1;1;2;7;1;7;7;1
229;Resp_Baby_JF;2;0;babyfaced;level 3;233.333.333.333.333;133.333.333.333.333;411.111.111.111.111;1;3;6;5;male;17;2;0;3;1;4;7;5;1;2;1;3;3;3;4;3;5;5;3;5;5;4;1;1;2;7;1;7;7;1
231;Resp_Baby_JF;2;0;babyfaced;level 3;233.333.333.333.333;2;355.555.555.555.556;1;5;5;6;female;60;1;30000;4;3;9;7;6;3;2;2;2;3;3;3;4;5;3;4;3;3;4;2;2;2;7;1;7;7;1
234;Resp_Baby_JF;2;0;babyfaced;level 3;233.333.333.333.333;133.333.333.333.333;433.333.333.333.333;1;3;5;6;female;57;1;20000;3;2;8;7;6;1;3;2;2;3;4;3;4;5;5;3;5;6;4;1;1;2;7;1;7;7;1
235;Resp_Baby_JF;0;0;baseline;level 3;6;5;533.333.333.333.333;1;6;5;5;male;58;1;35000;5;5;9;1;6;2;6;6;6;6;5;6;5;6;6;5;5;4;6;6;2;7;7;1;7;7;1
236;Resp_Baby_JF;2;1;babyfaced;level 5;166.666.666.666.667;166.666.666.666.667;455.555.555.555.556;1;4;3;6;female;43;1;35000;3;3;11;7;6;1;3;1;2;2;4;3;5;5;5;3;6;6;4;2;1;2;7;1;7;7;1
237;Resp_Baby_JF;0;1;baseline;level 5;6;5;522.222.222.222.222;1;6;3;6;male;47;1;40000;5;5;11;1;5;2;6;6;6;6;6;5;5;6;6;5;5;4;5;6;2;7;7;1;7;7;1
239;Resp_Baby_JF;0;0;baseline;level 3;566.666.666.666.667;5;544.444.444.444.444;1;6;5;5;male;42;1;40000;5;5;9;1;5;3;6;5;6;6;6;6;5;6;5;5;6;4;6;6;3;6;7;1;7;7;1
240;Resp_Baby_JF;0;1;baseline;level 5;6;4;522.222.222.222.222;1;7;3;6;male;37;1;25000;5;5;11;1;6;3;5;6;6;6;5;6;5;5;6;5;5;4;6;5;1;6;7;1;7;7;1
241;Resp_Baby_JF;2;0;babyfaced;level 3;166.666.666.666.667;166.666.666.666.667;4;1;3;6;5;male;53;1;45000;5;5;8;7;5;1;3;1;2;2;3;3;4;5;5;3;5;5;3;1;1;3;7;1;7;7;1
242;Resp_Baby_JF;2;1;babyfaced;level 5;266.666.666.666.667;2;433.333.333.333.333;1;4;1;7;male;48;1;50000;5;5;11;7;5;1;3;2;3;3;4;3;5;5;4;3;5;6;4;2;2;2;7;1;7;7;1
243;Resp_Baby_JF;0;1;baseline;level 5;566.666.666.666.667;566.666.666.666.667;555.555.555.555.556;1;7;1;7;female;37;1;25000;4;4;11;1;5;5;6;5;6;6;6;6;5;6;6;5;6;4;6;6;5;6;7;2;7;7;1
244;Resp_Baby_JF;0;0;baseline;level 3;566.666.666.666.667;566.666.666.666.667;522.222.222.222.222;1;6;6;4;female;44;1;20000;3;3;8;1;6;4;5;5;6;6;5;6;5;5;5;5;6;4;6;6;4;7;7;1;7;7;1
246;Resp_Baby_JF;2;1;babyfaced;level 5;233.333.333.333.333;133.333.333.333.333;366.666.666.666.667;1;7;1;7;male;36;1;55000;5;5;11;1;6;1;3;1;3;3;3;4;3;5;4;1;5;5;3;1;1;2;7;1;7;7;1
247;Resp_Baby_JF;0;0;baseline;level 3;6;533.333.333.333.333;555.555.555.555.556;1;6;6;5;male;33;1;45000;5;5;9;1;5;5;6;6;6;6;5;6;5;6;6;6;5;5;6;5;4;7;7;1;7;7;1
248;Resp_Baby_JF;2;0;babyfaced;level 3;233.333.333.333.333;133.333.333.333.333;411.111.111.111.111;1;3;5;6;male;19;2;0;2;1;8;7;6;1;3;3;2;2;4;3;4;5;4;3;5;5;4;1;1;2;7;1;7;7;1
250;Resp_Baby_JF;2;1;babyfaced;level 5;3;166.666.666.666.667;4;1;5;2;7;male;46;1;40000;5;5;11;7;6;3;5;3;3;3;4;3;5;3;4;3;5;5;4;2;1;2;7;2;6;6;1
251;Resp_Baby_JF;0;0;baseline;level 3;566.666.666.666.667;566.666.666.666.667;533.333.333.333.333;1;6;3;5;female;57;2;0;4;3;8;1;5;4;5;5;6;6;6;5;6;6;5;5;5;5;5;6;5;6;7;1;7;7;1
252;Resp_Baby_JF;2;0;babyfaced;level 3;3;166.666.666.666.667;4;1;4;6;6;male;37;1;35000;5;5;9;6;6;1;3;1;4;4;4;3;3;5;4;3;5;5;4;1;1;3;7;1;7;7;1
253;Resp_Baby_JF;2;0;babyfaced;level 3;3;166.666.666.666.667;411.111.111.111.111;1;3;6;5;female;49;2;0;4;4;8;7;6;1;3;3;3;3;4;3;4;5;5;2;5;5;4;2;1;2;7;1;7;7;1
254;Resp_Baby_JF;2;1;babyfaced;level 5;233.333.333.333.333;166.666.666.666.667;411.111.111.111.111;1;7;1;7;male;43;1;45000;5;5;11;7;5;2;3;2;2;3;3;4;4;5;4;3;5;5;4;2;1;2;7;1;7;7;1
255;Resp_Baby_JF;0;0;baseline;level 3;6;566.666.666.666.667;533.333.333.333.333;1;6;6;5;male;18;2;0;2;1;9;1;5;5;5;6;6;6;5;6;5;5;6;5;5;5;6;6;5;6;7;7;7;7;1
256;Resp_Baby_JF;0;1;baseline;level 5;6;533.333.333.333.333;544.444.444.444.444;1;7;1;7;male;49;1;50000;5;5;11;1;5;5;5;6;6;6;6;5;5;5;6;5;6;5;6;6;4;6;7;1;7;7;1
257;Resp_Baby_JF;0;0;baseline;level 3;6;533.333.333.333.333;544.444.444.444.444;1;5;5;3;female;47;1;25000;4;4;9;1;6;3;6;6;6;6;5;6;5;6;6;5;6;4;6;6;3;7;7;1;7;7;1
258;Resp_Baby_JF;2;1;babyfaced;level 5;266.666.666.666.667;133.333.333.333.333;422.222.222.222.222;1;7;1;7;male;42;1;50000;5;5;11;7;6;1;3;2;3;3;3;4;3;5;5;3;5;6;4;1;1;2;7;1;7;7;1
259;Resp_Baby_JF;2;0;babyfaced;level 3;2;133.333.333.333.333;377.777.777.777.778;1;3;5;5;male;36;1;40000;5;5;8;7;5;1;3;1;3;2;3;2;4;5;3;2;5;6;4;2;1;1;7;1;7;7;1
261;Resp_Baby_JF;0;0;baseline;level 3;566.666.666.666.667;566.666.666.666.667;555.555.555.555.556;1;5;5;4;male;33;1;50000;5;5;9;1;6;3;6;5;6;6;5;6;6;6;5;5;6;5;6;6;4;7;7;1;7;7;1
262;Resp_Baby_JF;2;0;babyfaced;level 3;2;133.333.333.333.333;288.888.888.888.889;1;4;6;6;female;52;2;0;2;2;9;7;6;1;3;1;3;2;3;2;3;3;2;2;3;5;3;1;1;2;7;1;7;7;1
264;Resp_Baby_JF;2;1;babyfaced;level 5;133.333.333.333.333;166.666.666.666.667;255.555.555.555.556;1;7;1;7;female;46;1;40000;4;3;11;7;5;1;3;1;2;1;2;2;3;2;2;1;4;5;2;1;1;3;7;1;7;7;1
265;Resp_Baby_JF;2;1;babyfaced;level 5;233.333.333.333.333;166.666.666.666.667;311.111.111.111.111;1;7;1;7;female;59;1;35000;2;2;11;7;5;1;3;2;2;3;3;2;2;4;3;1;5;5;3;1;2;2;7;1;7;7;1
266;Resp_Baby_JF;2;0;babyfaced;level 3;3;166.666.666.666.667;455.555.555.555.556;1;3;5;5;female;21;1;25000;2;2;9;7;6;1;3;3;3;3;4;4;5;4;4;5;5;5;5;2;1;2;7;1;7;7;1
267;Resp_Baby_JF;0;1;baseline;level 5;666.666.666.666.667;566.666.666.666.667;555.555.555.555.556;1;7;1;7;male;20;1;40000;2;2;11;1;6;3;5;7;7;6;5;6;5;6;6;5;6;5;6;6;4;7;7;1;7;7;1
268;Resp_Baby_JF;0;0;baseline;level 3;466.666.666.666.667;6;466.666.666.666.667;1;6;5;5;female;37;1;35000;2;3;9;1;5;6;6;3;6;5;5;5;5;6;5;2;5;4;5;6;5;7;7;1;7;7;1
269;Resp_Baby_JF;2;0;babyfaced;level 3;266.666.666.666.667;133.333.333.333.333;333.333.333.333.333;1;3;6;5;female;42;1;40000;4;3;9;7;5;1;3;2;3;3;3;3;3;4;3;1;5;5;3;1;1;2;7;1;7;7;1
270;Resp_Baby_JF;0;0;baseline;level 3;566.666.666.666.667;566.666.666.666.667;566.666.666.666.667;1;6;5;4;male;47;1;60000;4;4;9;1;6;5;6;5;6;6;6;5;6;6;6;5;6;5;6;5;5;7;7;1;7;7;1
272;Resp_Baby_JF;2;1;babyfaced;level 5;2;166.666.666.666.667;277.777.777.777.778;1;7;1;7;male;46;1;50000;5;5;11;7;5;1;3;1;2;3;3;2;3;3;3;1;3;4;3;2;1;2;7;1;7;7;1
275;Resp_Baby_JF;2;1;babyfaced;level 5;166.666.666.666.667;2;277.777.777.777.778;1;7;1;7;male;55;1;50000;4;4;11;7;6;1;3;1;2;2;3;2;3;2;2;1;5;4;3;2;1;3;7;1;7;7;1
276;Resp_Baby_JF;2;0;babyfaced;level 3;166.666.666.666.667;166.666.666.666.667;233.333.333.333.333;1;4;6;5;female;33;1;25000;2;4;9;7;5;1;3;2;1;2;3;2;2;2;2;3;2;3;2;2;1;2;7;1;7;7;1
277;Resp_Baby_JF;2;0;babyfaced;level 3;233.333.333.333.333;166.666.666.666.667;333.333.333.333.333;1;3;6;5;female;55;2;0;4;3;9;7;6;1;3;2;3;2;4;3;3;3;2;4;3;5;3;2;1;2;7;1;7;7;1
279;Resp_Baby_JF;2;1;babyfaced;level 5;166.666.666.666.667;133.333.333.333.333;288.888.888.888.889;1;7;1;7;male;19;2;0;2;1;11;7;5;1;2;1;2;2;3;2;2;2;2;3;5;4;3;1;1;2;7;1;7;7;1
282;Resp_Baby_JF;2;1;babyfaced;level 5;233.333.333.333.333;133.333.333.333.333;333.333.333.333.333;1;7;1;6;male;33;1;55000;4;4;11;7;6;1;3;1;3;3;3;2;4;4;3;1;5;5;3;2;1;1;7;1;7;7;1
283;Resp_Baby_JF;0;0;baseline;level 3;6;566.666.666.666.667;544.444.444.444.444;1;6;5;5;female;41;1;45000;2;5;9;1;5;3;5;6;6;6;5;6;6;5;5;5;6;5;6;6;4;7;7;1;7;7;1
284;Resp_Baby_JF;2;0;babyfaced;level 3;333.333.333.333.333;166.666.666.666.667;344.444.444.444.444;1;4;6;6;male;37;1;40000;2;3;9;7;6;1;3;3;5;2;3;3;3;5;3;2;5;5;2;2;1;2;7;1;7;7;1
285;Resp_Baby_JF;2;0;babyfaced;level 3;3;133.333.333.333.333;377.777.777.777.778;1;3;6;5;male;50;1;55000;5;5;9;7;6;1;3;1;5;3;3;4;4;3;4;1;5;5;5;1;1;2;7;1;7;7;1
287;Resp_Baby_JF;2;1;babyfaced;level 5;133.333.333.333.333;166.666.666.666.667;266.666.666.666.667;1;7;1;7;female;44;1;30000;2;3;11;7;6;1;3;1;2;1;2;2;2;3;2;1;5;5;2;2;1;2;7;1;7;7;1
289;Resp_Baby_JF;0;0;baseline;level 3;633.333.333.333.333;6;577.777.777.777.778;1;5;5;3;male;37;1;50000;5;5;9;1;5;6;5;7;6;6;6;7;6;6;6;5;6;4;6;6;5;7;7;1;7;7;1
291;Resp_Baby_JF;2;0;babyfaced;level 3;2;2;422.222.222.222.222;1;3;6;7;female;59;1;35000;4;3;9;7;6;1;4;1;3;2;3;4;5;5;5;2;5;6;3;3;1;2;7;1;7;7;1
292;Resp_Baby_JF;2;1;babyfaced;level 5;133.333.333.333.333;133.333.333.333.333;3;1;7;1;7;female;43;2;0;4;3;11;7;6;1;4;1;2;1;3;2;1;4;3;1;5;5;3;2;1;1;7;1;7;7;1
293;Resp_Baby_JF;2;1;babyfaced;level 5;233.333.333.333.333;133.333.333.333.333;322.222.222.222.222;1;6;1;7;female;46;1;45000;4;4;11;7;5;1;2;1;3;3;4;3;3;4;2;1;4;5;3;1;1;2;7;1;7;7;1
295;Resp_Baby_JF;0;0;baseline;level 3;666.666.666.666.667;533.333.333.333.333;6;1;5;5;4;male;49;1;60000;5;5;9;1;5;6;6;6;7;7;6;6;5;6;6;5;6;7;7;5;5;6;7;1;7;7;1
296;Resp_Baby_JF;2;0;babyfaced;level 3;166.666.666.666.667;166.666.666.666.667;355.555.555.555.556;1;4;6;5;male;48;1;50000;5;5;9;7;5;1;5;1;3;1;3;4;3;4;5;3;2;5;3;3;1;1;7;1;7;7;1
297;Resp_Baby_JF;0;0;baseline;level 3;533.333.333.333.333;566.666.666.666.667;6;1;6;5;5;male;43;1;60000;4;5;9;1;6;5;5;5;5;6;6;7;6;6;6;6;6;5;6;6;5;6;7;1;7;7;1
298;Resp_Baby_JF;0;1;baseline;level 5;566.666.666.666.667;6;544.444.444.444.444;1;7;1;7;male;39;1;50000;5;5;11;1;6;6;5;5;6;6;6;5;6;5;6;5;5;5;6;6;5;7;7;1;7;7;1
299;Resp_Baby_JF;2;0;babyfaced;level 3;266.666.666.666.667;2;411.111.111.111.111;1;3;6;5;female;29;1;40000;5;4;9;7;5;1;3;2;5;1;5;4;4;5;4;2;5;5;3;3;1;2;7;1;7;7;1
300;Resp_Baby_JF;2;1;babyfaced;level 5;166.666.666.666.667;2;355.555.555.555.556;1;7;1;7;female;36;2;0;5;5;11;7;5;1;4;1;3;1;3;2;3;5;3;1;5;6;4;3;1;2;7;1;7;7;1
301;Resp_Baby_JF;2;0;babyfaced;level 3;333.333.333.333.333;166.666.666.666.667;411.111.111.111.111;1;3;6;5;female;47;1;55000;4;3;9;7;6;1;3;3;5;2;5;4;5;5;3;2;5;5;3;2;1;2;7;1;7;7;1
303;Resp_Baby_JF;2;1;babyfaced;level 5;166.666.666.666.667;133.333.333.333.333;344.444.444.444.444;1;7;1;7;male;42;1;45000;5;5;11;7;7;1;3;1;3;1;3;4;4;4;3;1;4;5;3;1;1;2;7;1;7;7;1
306;Resp_Baby_JF;2;0;babyfaced;level 3;4;166.666.666.666.667;422.222.222.222.222;1;3;6;4;male;51;1;60000;5;5;9;7;7;1;3;3;5;4;5;5;4;5;3;2;5;5;4;2;1;2;7;1;7;7;1
308;Resp_Baby_JF;2;1;babyfaced;level 5;2;133.333.333.333.333;277.777.777.777.778;1;7;1;7;female;48;1;45000;4;3;11;7;6;1;2;1;3;2;3;2;3;2;2;1;5;5;2;1;1;2;7;1;7;7;1
309;Resp_Baby_JF;2;0;babyfaced;level 3;366.666.666.666.667;2;455.555.555.555.556;1;4;6;4;female;26;2;0;5;3;9;7;6;1;3;3;5;3;5;5;4;5;5;2;5;5;5;2;1;3;7;1;7;7;1
310;Resp_Baby_JF;0;0;baseline;level 3;6;533.333.333.333.333;555.555.555.555.556;1;6;5;4;male;30;1;50000;4;4;9;1;6;1;5;6;6;6;6;5;6;6;5;5;6;5;6;6;4;6;7;1;7;7;1
311;Resp_Baby_JF;2;1;babyfaced;level 5;2;133.333.333.333.333;322.222.222.222.222;1;7;1;7;female;57;2;0;4;2;11;7;7;1;2;1;3;2;3;2;3;4;3;1;5;5;3;1;1;2;7;1;7;7;1
312;Resp_Baby_JF;0;1;baseline;level 5;6;6;588.888.888.888.889;1;7;1;7;male;60;1;40000;5;4;11;1;6;5;5;6;6;6;6;7;6;7;7;5;5;4;6;6;5;7;7;1;7;7;1
313;Resp_Baby_JF;0;0;baseline;level 3;633.333.333.333.333;6;588.888.888.888.889;1;6;5;6;male;25;1;35000;5;3;9;1;7;5;6;7;6;6;6;5;6;5;6;6;7;5;7;6;5;7;7;1;7;7;1
315;Resp_Baby_JF;2;0;babyfaced;level 3;2;166.666.666.666.667;333.333.333.333.333;1;3;6;4;female;57;2;0;3;2;9;7;7;1;2;1;3;2;3;2;3;4;4;1;5;5;3;2;1;2;6;1;7;7;1
316;Resp_Baby_JF;2;1;babyfaced;level 5;133.333.333.333.333;166.666.666.666.667;311.111.111.111.111;1;7;1;7;female;51;1;50000;2;3;11;7;6;1;2;1;2;1;3;3;4;4;2;1;5;4;2;2;1;2;7;1;7;7;1
319;Resp_Baby_JF;2;0;babyfaced;level 3;233.333.333.333.333;2;422.222.222.222.222;1;3;6;5;male;33;1;60000;5;4;9;7;6;1;3;2;4;1;5;4;5;5;4;2;5;5;3;3;1;2;7;1;7;7;1
320;Resp_Baby_JF;2;1;babyfaced;level 5;166.666.666.666.667;166.666.666.666.667;288.888.888.888.889;1;6;1;7;male;29;1;35000;2;3;11;7;5;1;2;2;2;1;3;2;3;3;2;1;5;4;3;3;1;1;7;1;7;7;1
321;Resp_Baby_JF;0;1;baseline;level 5;6;6;566.666.666.666.667;1;7;3;6;male;27;1;55000;2;2;11;1;6;5;5;6;6;6;6;5;6;6;6;5;6;5;6;6;5;7;7;1;7;7;1
322;Resp_Baby_JF;2;1;babyfaced;level 5;133.333.333.333.333;1;266.666.666.666.667;1;5;1;7;female;35;2;0;4;3;11;7;7;1;1;1;2;1;2;3;2;3;2;1;4;4;3;1;1;1;7;1;7;7;1
323;Resp_Baby_JF;2;0;babyfaced;level 3;3;166.666.666.666.667;4;1;3;7;5;female;41;1;30000;4;3;9;7;6;1;1;3;3;3;4;3;5;5;4;2;5;5;3;2;1;2;7;1;7;7;1
325;Resp_Baby_JF;0;0;baseline;level 3;6;533.333.333.333.333;577.777.777.777.778;1;6;6;5;male;26;1;50000;5;4;8;1;6;3;6;6;6;6;6;6;6;6;6;5;6;5;6;6;3;7;7;1;7;7;1
327;Resp_Baby_JF;2;0;babyfaced;level 3;166.666.666.666.667;166.666.666.666.667;333.333.333.333.333;1;6;1;7;male;36;1;50000;5;5;9;7;6;1;3;2;2;1;3;4;3;3;3;1;5;5;3;2;1;2;7;1;7;7;1
328;Resp_Baby_JF;2;1;babyfaced;level 5;133.333.333.333.333;133.333.333.333.333;244.444.444.444.444;1;6;3;7;female;43;2;0;4;3;11;7;5;1;3;1;2;1;3;2;2;1;2;1;5;3;3;1;1;2;7;1;7;7;1
329;Resp_Baby_JF;2;1;babyfaced;level 5;1;133.333.333.333.333;233.333.333.333.333;1;7;2;7;female;31;2;0;3;2;11;7;7;1;3;1;1;1;3;2;2;1;2;1;2;5;3;2;1;1;7;1;7;7;1
330;Resp_Baby_JF;2;0;babyfaced;level 3;166.666.666.666.667;2;333.333.333.333.333;1;3;5;5;male;37;1;45000;5;5;9;7;6;2;2;1;3;1;3;4;3;3;3;1;5;5;3;2;1;3;7;1;7;7;1
333;Resp_Wide_SW;0;0;baseline;level 3;266.666.666.666.667;466.666.666.666.667;3;6;6;6;5;female;26;1;5000;5;2;9;1;4;6;3;4;2;2;4;3;3;4;3;3;2;2;3;2;6;6;6;2;7;7;1
334;Resp_Wide_SW;3;1;wide;level 5;466.666.666.666.667;433.333.333.333.333;377.777.777.777.778;2;7;2;7;female;61;1;20000;5;3;11;1;4;2;7;4;5;5;5;3;4;4;5;4;4;2;3;4;2;7;7;2;7;7;1
335;Resp_Wide_SW;3;0;wide;level 3;433.333.333.333.333;233.333.333.333.333;544.444.444.444.444;4;2;6;5;male;26;2;0;5;1;4;2;5;1;2;2;6;5;4;6;6;5;6;5;5;5;7;2;2;3;6;1;7;6;1
336;Resp_Wide_SW;0;0;baseline;level 3;3;266.666.666.666.667;3;1;7;1;7;male;60;1;30000;4;5;9;1;6;1;4;3;2;4;4;3;3;3;3;3;3;2;3;3;1;4;6;1;7;5;1
337;Resp_Wide_SW;3;1;wide;level 5;5;4;1;1;7;7;7;male;71;2;100;3;2;10;1;1;2;4;7;4;4;1;1;1;1;1;1;1;1;1;4;1;7;7;1;7;7;1
338;Resp_Wide_SW;3;0;wide;level 3;5;333.333.333.333.333;466.666.666.666.667;1;1;7;7;male;33;2;10000;5;2;1;2;5;1;5;5;5;5;4;5;5;6;4;4;4;5;5;2;1;7;7;1;7;5;1
340;Resp_Wide_SW;3;0;wide;level 3;333.333.333.333.333;233.333.333.333.333;355.555.555.555.556;2;6;7;1;female;24;2;5000;5;2;9;1;4;1;6;4;3;3;3;3;5;4;4;4;1;4;4;3;1;3;7;2;7;7;1
343;Resp_Wide_SW;0;1;baseline;level 5;366.666.666.666.667;366.666.666.666.667;266.666.666.666.667;1;7;4;4;female;63;1;15000;5;4;10;1;7;2;3;5;3;3;4;4;2;2;2;1;1;4;4;2;2;7;5;1;7;6;1
344;Resp_Wide_SW;3;0;wide;level 3;4;433.333.333.333.333;422.222.222.222.222;2;6;6;2;male;74;1;20000;5;4;6;1;5;2;6;4;4;4;5;5;2;5;5;2;5;4;5;3;3;7;6;1;7;6;1
346;Resp_Wide_SW;3;0;wide;level 3;466.666.666.666.667;333.333.333.333.333;5;5;5;5;2;female;25;1;3000;5;1;5;1;5;2;3;4;6;4;4;4;6;7;6;1;6;5;6;2;2;6;7;1;7;7;1
347;Resp_Wide_SW;3;1;wide;level 5;233.333.333.333.333;466.666.666.666.667;444.444.444.444.444;1;7;3;6;male;26;2;4000;4;1;11;3;4;5;6;3;2;2;4;3;5;6;5;2;5;5;5;4;5;5;5;3;6;5;1
350;Resp_Wide_SW;3;0;wide;level 3;5;366.666.666.666.667;477.777.777.777.778;1;2;5;6;female;55;1;10000;5;3;9;4;3;2;6;5;5;5;5;5;3;6;5;4;4;6;5;2;2;7;7;1;7;7;1
351;Resp_Wide_SW;3;0;wide;level 3;4;366.666.666.666.667;4;2;5;6;4;female;48;1;15000;5;0;3;2;5;3;5;4;4;4;4;4;4;4;4;4;4;4;4;3;2;6;4;4;7;7;1
353;Resp_Wide_SW;3;1;wide;level 5;3;3;511.111.111.111.111;3;4;1;6;female;35;1;18000;5;4;11;3;5;1;4;3;4;2;4;6;7;6;7;3;5;4;4;2;1;6;5;2;7;6;1
354;Resp_Wide_SW;3;0;wide;level 3;6;3;477.777.777.777.778;4;4;4;2;female;22;1;12000;4;1;8;2;6;1;2;6;6;6;5;3;5;6;6;3;6;3;6;1;1;7;1;1;7;7;1
356;Resp_Wide_SW;3;1;wide;level 5;333.333.333.333.333;4;444.444.444.444.444;3;5;2;6;female;31;1;20000;4;4;10;1;7;3;2;4;4;2;4;4;5;6;5;2;4;5;5;3;2;7;7;1;7;7;1
358;Resp_Wide_SW;0;1;baseline;level 5;4;4;4;1;7;1;7;male;36;1;10000;5;4;11;3;6;3;3;4;4;4;4;4;4;4;4;4;4;4;4;4;4;4;4;4;6;3;1
359;Resp_Wide_SW;3;0;wide;level 3;366.666.666.666.667;333.333.333.333.333;366.666.666.666.667;1;5;3;6;male;31;1;30000;5;4;4;3;7;3;4;3;4;4;4;4;4;4;4;3;4;2;4;2;4;4;5;3;7;6;1
361;Resp_Wide_SW;3;0;wide;level 3;7;3;1;1;4;7;4;female;39;1;25000;2;3;9;1;7;1;1;7;7;7;1;1;1;1;1;1;1;1;1;1;1;7;7;1;7;7;1
364;Resp_Wide_SW;3;1;wide;level 5;233.333.333.333.333;3;3;1;7;2;6;male;21;1;10000;5;2;11;2;6;3;5;2;3;2;2;2;3;3;6;2;2;3;4;2;2;5;5;4;6;6;1
366;Resp_Wide_SW;3;0;wide;level 3;4;533.333.333.333.333;4;1;4;6;4;female;26;1;3000;5;1;3;2;4;6;6;4;4;4;4;4;4;4;4;4;4;4;4;4;6;6;4;5;4;4;1
367;Resp_Wide_SW;0;0;baseline;level 3;366.666.666.666.667;4;4;1;1;7;4;male;37;1;25000;5;3;9;1;5;2;4;3;4;4;4;4;4;4;4;4;4;4;4;3;3;6;3;4;6;5;1
368;Resp_Wide_SW;3;1;wide;level 5;4;466.666.666.666.667;422.222.222.222.222;2;5;7;5;male;27;2;1000;4;2;9;1;7;3;5;4;4;4;3;3;3;4;7;2;4;5;7;4;3;7;7;1;7;7;1
370;Resp_Wide_SW;3;0;wide;level 3;166.666.666.666.667;7;255.555.555.555.556;2;6;6;6;female;36;1;10000;5;4;4;1;6;7;7;1;3;1;4;3;2;2;5;1;2;2;2;7;7;7;6;4;5;3;1
371;Resp_Wide_SW;3;1;wide;level 5;3;366.666.666.666.667;2;2;6;7;5;male;22;2;3000;5;1;5;1;6;1;1;3;3;3;2;2;2;2;2;2;2;2;2;3;2;6;7;2;7;6;1
372;Resp_Wide_SW;3;0;wide;level 3;6;5;5;2;5;6;6;female;28;2;0;5;2;7;1;7;5;5;6;6;6;5;5;5;5;5;5;5;5;5;5;3;7;5;7;4;5;1
373;Resp_Wide_SW;0;0;baseline;level 3;1;3;344.444.444.444.444;2;6;6;6;female;25;1;20000;4;2;5;2;7;1;1;1;1;1;4;3;3;7;3;3;2;3;3;1;1;7;6;2;6;7;1
375;Resp_Wide_SW;3;1;wide;level 5;1;166.666.666.666.667;188.888.888.888.889;3;3;3;3;female;26;1;20000;3;3;8;4;2;1;1;1;1;1;1;1;4;3;1;1;1;1;4;1;1;3;3;3;7;7;1
376;Resp_Wide_SW;3;0;wide;level 3;333.333.333.333.333;433.333.333.333.333;555.555.555.555.556;2;5;5;3;female;20;2;3000;5;1;8;2;3;1;5;3;5;2;6;6;6;7;5;2;5;6;7;5;1;7;7;2;7;7;1
377;Resp_Wide_SW;0;0;baseline;level 3;4;333.333.333.333.333;233.333.333.333.333;1;6;5;6;male;26;1;10000;3;4;9;2;2;2;2;4;4;4;3;3;2;6;2;1;1;1;2;2;2;6;7;2;7;7;1
378;Resp_Wide_SW;0;1;baseline;level 5;3;4;477.777.777.777.778;5;4;5;3;female;54;1;10000;3;2;8;2;2;2;5;4;3;2;5;5;5;6;5;4;6;2;5;4;1;7;5;6;5;5;1
379;Resp_Wide_SW;3;1;wide;level 5;433.333.333.333.333;533.333.333.333.333;466.666.666.666.667;1;6;3;7;female;23;2;500;5;1;11;1;3;2;3;4;5;4;7;4;5;6;5;4;3;2;6;6;3;7;7;2;7;6;1
380;Resp_Wide_SW;3;1;wide;level 5;433.333.333.333.333;366.666.666.666.667;5;1;7;7;7;female;25;1;15000;4;2;6;1;6;2;2;5;4;4;3;4;6;5;5;2;7;7;6;2;2;7;7;1;7;7;1
381;Resp_Wide_SW;3;0;wide;level 3;4;4;4;1;4;5;4;female;29;1;12000;5;4;7;1;5;4;3;4;4;4;4;4;4;4;4;4;4;4;4;4;4;4;7;1;7;7;7
383;Resp_Wide_SW;3;0;wide;level 3;266.666.666.666.667;533.333.333.333.333;444.444.444.444.444;2;6;4;7;male;72;1;8000;5;3;9;4;4;4;5;1;4;3;4;4;5;5;3;5;5;4;5;4;5;7;4;3;5;5;1
386;Resp_Wide_SW;3;1;wide;level 5;6;3;544.444.444.444.444;2;4;4;4;female;39;1;5000;5;1;10;1;6;1;4;6;6;6;6;5;6;6;6;2;6;6;6;1;1;7;4;1;7;6;1
387;Resp_Wide_SW;3;0;wide;level 3;2;4;377.777.777.777.778;6;2;3;1;male;21;1;12000;5;2;9;1;2;5;6;2;2;2;3;3;5;5;6;2;3;2;5;2;5;5;7;1;7;7;1
388;Resp_Wide_SW;3;1;wide;level 5;433.333.333.333.333;3;377.777.777.777.778;1;7;6;7;male;27;2;600;3;2;9;3;4;1;5;4;5;4;4;4;5;4;6;2;3;2;4;2;1;6;7;3;7;5;1
391;Resp_Wide_SW;3;0;wide;level 3;3;366.666.666.666.667;3;1;4;6;4;female;29;2;10000;5;4;6;2;6;3;3;3;3;3;3;3;3;3;3;3;3;3;3;3;3;5;5;4;4;5;5
392;Resp_Wide_SW;3;1;wide;level 5;6;4;5;4;6;2;7;male;45;1;20000;5;5;10;2;5;3;2;6;6;6;5;5;3;6;7;2;6;5;6;2;3;7;7;1;7;7;1
394;Resp_Wide_SW;3;1;wide;level 5;566.666.666.666.667;4;5;2;5;5;6;female;20;1;10000;5;1;10;2;7;1;3;5;6;6;6;5;5;5;6;4;5;4;5;3;2;7;5;2;6;5;1
396;Resp_Wide_SW;3;1;wide;level 5;4;333.333.333.333.333;422.222.222.222.222;1;4;4;6;male;21;2;3000;5;1;10;7;3;1;6;4;4;4;4;4;4;7;6;1;4;4;4;2;4;4;7;2;7;7;1
398;Resp_Wide_SW;0;1;baseline;level 5;1;3;466.666.666.666.667;1;4;1;7;male;58;1;25000;2;3;8;3;1;1;1;1;1;1;3;3;3;7;4;4;5;7;6;4;1;4;3;1;4;4;1
399;Resp_Wide_SW;3;1;wide;level 5;4;3;522.222.222.222.222;1;7;1;7;female;60;1;15000;3;1;11;1;4;1;3;4;4;4;5;5;5;7;7;5;5;3;5;1;1;7;7;1;7;4;1
400;Resp_Wide_SW;3;1;wide;level 5;5;666.666.666.666.667;611.111.111.111.111;5;5;5;5;male;33;1;30000;5;5;9;7;5;5;5;7;4;4;6;6;6;5;7;7;6;6;6;7;7;6;6;3;7;6;1
401;Resp_Wide_SW;3;0;wide;level 3;4;266.666.666.666.667;533.333.333.333.333;2;5;6;4;male;30;1;10000;4;3;10;3;5;1;2;4;3;5;4;4;6;5;6;4;6;6;7;1;1;6;7;1;7;7;1
404;Resp_Wide_SW;0;1;baseline;level 5;4;266.666.666.666.667;466.666.666.666.667;2;2;5;4;male;20;1;17000;4;1;8;3;4;5;4;4;4;4;3;5;5;6;5;2;5;5;6;1;3;4;7;1;7;7;1
405;Resp_Wide_SW;3;0;wide;level 3;333.333.333.333.333;366.666.666.666.667;455.555.555.555.556;1;1;7;1;female;34;1;20000;4;2;8;1;5;4;7;3;4;3;3;3;4;5;5;1;6;7;7;2;4;5;7;1;7;7;1
407;Resp_Wide_SW;3;0;wide;level 3;6;533.333.333.333.333;422.222.222.222.222;1;5;7;4;female;26;1;15000;5;2;8;2;6;6;6;6;6;6;4;4;4;5;5;4;4;4;4;4;6;6;7;1;7;7;1
409;Resp_Wide_SW;3;1;wide;level 5;5;5;5;1;7;7;5;female;48;2;0;4;5;4;1;2;5;3;5;5;5;5;5;5;5;5;5;5;5;5;3;5;7;7;2;6;7;1
412;Resp_Wide_SW;3;1;wide;level 5;266.666.666.666.667;266.666.666.666.667;422.222.222.222.222;1;7;4;7;male;66;1;15000;5;4;11;1;7;5;3;3;3;2;1;1;6;4;6;3;6;6;5;1;1;6;7;1;7;7;6
413;Resp_Wide_SW;3;1;wide;level 5;4;4;4;4;4;4;4;male;57;1;15000;5;5;10;1;7;1;7;4;4;4;4;4;4;4;4;4;4;4;4;4;4;4;7;1;7;7;1
414;Resp_Wide_SW;3;0;wide;level 3;5;533.333.333.333.333;3;1;7;3;7;male;54;1;11000;2;2;9;2;2;2;7;5;5;5;3;2;2;4;3;3;3;4;3;6;3;7;6;1;6;6;1
415;Resp_Wide_SW;3;0;wide;level 3;166.666.666.666.667;4;233.333.333.333.333;2;3;5;2;male;48;1;40000;3;4;4;1;3;5;3;2;2;1;2;2;2;2;4;2;2;2;3;2;4;6;5;1;7;7;1
417;Resp_Wide_SW;0;0;baseline;level 3;233.333.333.333.333;4;355.555.555.555.556;4;4;4;4;male;59;1;35000;5;5;9;2;6;5;4;1;4;2;2;2;2;3;7;4;4;4;4;3;5;4;7;1;7;6;1
419;Resp_Wide_SW;0;1;baseline;level 5;6;433.333.333.333.333;5;5;3;5;1;female;63;1;8000;3;1;4;1;1;1;1;6;6;6;6;6;6;4;4;5;5;4;5;4;2;7;6;5;5;5;1
421;Resp_Wide_SW;3;0;wide;level 3;3;466.666.666.666.667;488.888.888.888.889;1;5;7;5;female;58;1;10000;3;2;9;1;2;5;6;2;4;3;3;4;5;5;6;5;6;4;6;2;5;7;6;2;7;6;1
422;Resp_Wide_SW;3;1;wide;level 5;2;5;433.333.333.333.333;1;7;4;5;male;28;1;11000;5;3;11;1;2;4;2;2;2;2;4;4;4;7;4;4;4;4;4;5;3;7;7;1;7;7;1
423;Resp_Wide_SW;0;1;baseline;level 5;366.666.666.666.667;3;588.888.888.888.889;1;7;5;5;female;62;1;4000;2;3;8;6;4;1;7;4;4;3;7;6;7;7;7;4;6;3;6;1;1;7;7;1;7;7;1
424;Resp_Wide_SW;0;0;baseline;level 3;666.666.666.666.667;466.666.666.666.667;466.666.666.666.667;1;7;6;7;female;54;1;10000;4;2;9;1;7;1;6;7;7;6;5;5;4;6;4;3;5;5;5;6;1;7;7;1;7;6;1
425;Resp_Wide_SW;3;0;wide;level 3;133.333.333.333.333;5;255.555.555.555.556;4;1;7;7;female;60;1;15000;4;3;5;1;2;4;5;1;2;1;2;1;3;4;3;1;3;2;4;5;3;7;4;5;5;5;4
426;Resp_Wide_SW;3;1;wide;level 5;566.666.666.666.667;4;477.777.777.777.778;1;7;4;1;female;56;1;10000;3;3;10;1;6;1;5;7;5;5;5;3;5;6;5;1;6;7;5;4;1;7;7;1;7;7;1
428;Resp_Wide_SW;3;0;wide;level 3;1;3;1;1;7;7;7;male;64;1;30000;5;0;4;1;1;1;1;1;1;1;1;1;1;1;1;1;1;1;1;1;1;7;4;7;4;4;1
429;Resp_Wide_SW;0;0;baseline;level 3;266.666.666.666.667;3;188.888.888.888.889;1;2;7;4;male;61;1;15000;4;3;4;1;5;2;3;4;1;3;1;1;1;4;3;1;2;2;2;2;2;5;7;1;7;7;1
430;Resp_Wide_SW;3;1;wide;level 5;5;466.666.666.666.667;455.555.555.555.556;5;4;7;6;female;21;1;500;5;1;9;1;5;5;4;5;5;5;4;5;5;5;5;3;5;4;5;6;4;4;6;2;7;7;1
431;Resp_Wide_SW;3;0;wide;level 3;333.333.333.333.333;366.666.666.666.667;122.222.222.222.222;1;3;3;2;male;38;1;30000;5;3;9;1;5;3;6;5;2;3;2;2;1;1;1;1;1;1;1;3;3;5;6;5;4;5;1
433;Resp_Wide_SW;3;0;wide;level 3;7;3;611.111.111.111.111;1;7;4;1;male;56;1;35000;4;4;8;1;3;1;1;7;7;7;7;7;7;7;7;5;6;4;5;1;1;7;7;1;7;7;1
434;Resp_Wide_SW;0;1;baseline;level 5;4;3;522.222.222.222.222;2;4;5;5;female;55;1;15000;3;3;10;1;7;1;2;4;4;4;4;6;6;6;7;4;4;4;6;1;1;7;6;1;7;7;1
436;Resp_Wide_SW;3;0;wide;level 3;4;5;4;1;7;1;7;male;52;1;25000;5;4;7;3;6;5;6;4;4;4;4;4;4;4;4;4;4;4;4;3;5;7;7;3;7;5;1
437;Resp_Wide_SW;0;1;baseline;level 5;4;333.333.333.333.333;344.444.444.444.444;2;4;6;2;male;48;1;45000;3;1;5;2;5;1;4;4;4;4;3;3;3;4;4;3;3;4;4;2;1;7;7;1;7;7;1
438;Resp_Wide_SW;3;0;wide;level 3;1;3;344.444.444.444.444;1;7;7;4;female;56;1;50000;4;3;4;1;1;1;4;1;1;1;1;1;1;7;4;4;4;5;4;1;1;7;7;1;7;7;1
440;Resp_Wide_SW;3;0;wide;level 3;333.333.333.333.333;4;444.444.444.444.444;2;5;5;6;female;55;1;9000;3;2;7;1;4;1;5;4;4;2;4;4;5;4;4;2;5;6;6;4;1;7;6;2;6;6;1
443;Resp_Wide_SW;3;1;wide;level 5;133.333.333.333.333;466.666.666.666.667;544.444.444.444.444;1;7;1;7;female;63;1;30000;5;3;11;1;7;1;7;2;1;1;4;1;7;6;6;4;7;7;7;6;1;7;7;1;7;7;1
444;Resp_Wide_SW;3;0;wide;level 3;1;5;488.888.888.888.889;1;1;1;1;female;58;1;20000;5;2;9;1;7;7;7;1;1;1;1;1;7;6;7;1;7;7;7;1;7;7;7;1;7;7;1
446;Resp_Wide_SW;3;0;wide;level 3;4;5;411.111.111.111.111;1;2;7;5;male;39;2;1000;5;4;7;1;4;5;5;4;4;4;4;4;4;5;4;4;4;4;4;4;4;7;7;1;7;6;1
447;Resp_Wide_SW;3;0;wide;level 3;466.666.666.666.667;366.666.666.666.667;477.777.777.777.778;1;5;3;5;female;51;2;500;5;2;9;3;3;2;4;4;5;5;5;3;6;6;6;3;6;3;5;3;2;6;1;4;6;6;1
448;Resp_Wide_SW;3;1;wide;level 5;266.666.666.666.667;3;444.444.444.444.444;2;3;1;7;female;66;1;35000;5;3;10;1;7;1;4;3;3;2;4;3;4;4;5;5;5;5;5;1;1;7;6;1;7;7;1
450;Resp_Wide_SW;0;1;baseline;level 5;366.666.666.666.667;233.333.333.333.333;522.222.222.222.222;3;5;2;6;female;21;2;1000;5;1;9;4;5;1;5;3;4;4;4;4;4;6;7;4;5;7;6;1;1;5;3;4;7;7;1
451;Resp_Wide_SW;3;1;wide;level 5;5;266.666.666.666.667;466.666.666.666.667;1;5;6;7;female;22;1;30000;3;2;3;7;3;1;6;5;5;5;4;4;4;5;5;5;5;5;5;2;2;4;7;1;7;7;1
452;Resp_Wide_SW;3;1;wide;level 5;2;333.333.333.333.333;455.555.555.555.556;3;5;5;3;male;22;1;12000;3;1;5;4;4;5;5;2;2;2;4;4;5;5;4;4;4;4;7;1;5;4;7;4;6;3;1
453;Resp_Wide_SW;3;1;wide;level 5;4;4;422.222.222.222.222;4;4;4;4;male;23;2;2000;5;1;8;1;2;5;5;4;4;4;4;4;4;6;4;4;4;4;4;2;5;5;4;7;7;4;1
455;Resp_Wide_SW;3;0;wide;level 3;366.666.666.666.667;433.333.333.333.333;422.222.222.222.222;1;6;5;5;female;30;1;6000;4;2;9;2;4;2;2;4;3;4;3;1;4;6;6;2;6;5;5;4;2;7;1;2;7;4;1
456;Resp_Wide_SW;0;1;baseline;level 5;5;266.666.666.666.667;377.777.777.777.778;3;6;6;7;male;56;1;30000;5;0;8;1;6;1;2;5;5;5;4;4;3;5;5;2;3;4;4;1;1;6;7;1;7;7;1
459;Resp_Wide_SW;3;0;wide;level 3;3;533.333.333.333.333;533.333.333.333.333;2;5;7;5;female;53;1;1000;5;4;8;1;4;5;4;3;3;3;5;4;6;6;6;3;6;6;6;4;5;7;5;5;6;7;1
460;Resp_Wide_SW;0;0;baseline;level 3;533.333.333.333.333;366.666.666.666.667;511.111.111.111.111;1;6;5;6;male;28;1;12000;5;2;9;1;6;4;5;6;4;6;4;6;6;6;7;3;4;4;6;2;2;7;1;5;7;7;1
461;Resp_Wide_SW;3;1;wide;level 5;4;366.666.666.666.667;488.888.888.888.889;1;7;1;7;female;58;2;600;5;3;9;1;4;4;7;4;4;4;5;5;5;5;5;4;5;5;5;3;2;6;7;3;7;7;1
462;Resp_Wide_SW;0;0;baseline;level 3;4;533.333.333.333.333;4;3;1;3;7;male;60;1;15000;5;5;9;3;3;5;5;4;4;4;4;4;4;4;4;4;4;4;4;4;6;6;6;1;7;5;1
463;Resp_Wide_SW;3;1;wide;level 5;3;533.333.333.333.333;411.111.111.111.111;1;7;6;7;male;66;1;10000;5;4;11;1;3;6;6;3;3;3;5;5;5;5;1;4;3;4;5;4;5;7;7;1;7;7;1
464;Resp_Wide_SW;3;0;wide;level 3;3;5;4;1;6;6;6;male;55;1;10000;5;3;9;1;5;2;6;3;3;3;4;4;4;4;4;4;4;4;4;5;5;5;7;2;7;6;1
465;Resp_Wide_SW;3;0;wide;level 3;466.666.666.666.667;333.333.333.333.333;311.111.111.111.111;2;6;2;5;female;54;1;12000;5;4;10;2;5;1;6;5;4;5;3;3;3;6;4;2;1;3;3;2;1;7;6;3;7;7;1
467;Resp_Wide_SW;0;1;baseline;level 5;6;4;6;1;6;3;7;male;63;1;18000;3;3;10;5;5;3;5;6;6;6;6;6;6;6;6;6;6;6;6;3;4;5;6;2;4;7;1
470;Resp_Wide_SW;3;0;wide;level 3;366.666.666.666.667;266.666.666.666.667;4;1;7;7;7;female;55;1;20000;5;4;5;1;2;2;7;3;3;5;3;3;3;7;7;1;3;2;7;1;2;5;5;6;7;7;1
471;Resp_Wide_SW;3;0;wide;level 3;4;4;555.555.555.555.556;1;7;7;6;male;54;1;25000;5;5;7;4;4;4;4;4;4;4;6;6;6;6;6;4;6;4;6;4;4;4;1;4;7;7;1
472;Resp_Wide_SW;0;1;baseline;level 5;3;5;366.666.666.666.667;1;7;1;7;female;61;1;15000;5;4;11;1;1;5;4;3;3;3;4;2;4;4;5;1;3;5;5;3;5;7;7;1;7;7;1
473;Resp_Wide_SW;3;1;wide;level 5;266.666.666.666.667;433.333.333.333.333;377.777.777.777.778;1;7;7;5;male;60;1;65000;5;5;6;1;7;1;6;4;2;2;2;2;2;7;5;1;3;6;6;3;3;7;3;1;7;6;1
475;Resp_Wide_SW;3;1;wide;level 5;233.333.333.333.333;6;444.444.444.444.444;3;5;2;6;female;24;2;1000;4;2;11;1;7;6;4;1;3;3;5;3;5;5;5;5;4;2;6;4;7;7;5;5;7;7;1
476;Resp_Wide_SW;0;1;baseline;level 5;5;466.666.666.666.667;6;3;5;2;5;female;27;2;20000;3;2;10;1;5;2;2;5;5;5;5;6;6;7;6;5;7;6;6;5;2;7;7;1;7;7;1
477;Resp_Wide_SW;3;1;wide;level 5;266.666.666.666.667;4;344.444.444.444.444;2;6;1;6;male;55;1;40000;3;4;9;1;6;1;6;1;5;2;2;2;4;3;3;1;6;6;4;4;1;7;1;1;6;6;1
478;Resp_Wide_SW;3;0;wide;level 3;4;266.666.666.666.667;377.777.777.777.778;1;1;5;5;female;54;1;30000;5;2;8;1;4;2;5;4;4;4;4;2;4;4;4;4;4;4;4;2;2;4;7;1;5;7;1
479;Resp_Wide_SW;3;1;wide;level 5;1;3;3;1;7;6;7;female;50;1;-99;0;0;8;1;1;1;4;1;1;1;3;3;3;3;3;3;3;3;3;1;1;7;0;0;0;0;0
481;Resp_Wide_SW;3;1;wide;level 5;1;566.666.666.666.667;2;1;7;7;7;female;57;2;400;5;2;6;1;3;3;3;1;1;1;2;2;2;2;2;2;2;2;2;5;5;7;6;1;7;6;1
482;Resp_Wide_SW;3;0;wide;level 3;366.666.666.666.667;533.333.333.333.333;444.444.444.444.444;1;1;7;2;male;20;1;10000;5;1;7;1;6;5;4;3;5;3;5;4;5;6;5;2;5;3;5;5;5;6;5;5;7;7;1
485;Resp_Wide_SW;3;1;wide;level 5;366.666.666.666.667;3;511.111.111.111.111;4;5;5;6;female;23;1;20000;5;1;9;6;6;1;5;3;5;3;6;5;7;7;5;2;4;5;5;1;1;7;4;6;7;6;1
487;Resp_Wide_SW;0;0;baseline;level 3;4;266.666.666.666.667;5;5;2;4;4;male;21;1;7500;5;1;9;3;5;2;5;4;4;4;4;6;6;6;6;3;4;4;6;3;2;3;2;3;6;5;1
488;Resp_Wide_SW;0;1;baseline;level 5;233.333.333.333.333;3;155.555.555.555.556;4;4;6;6;male;28;1;25000;5;2;10;1;5;1;1;3;2;2;1;1;1;3;1;1;4;1;1;1;1;7;7;1;7;5;1
489;Resp_Wide_SW;3;0;wide;level 3;3;266.666.666.666.667;311.111.111.111.111;4;4;4;4;male;21;1;10000;5;1;8;4;2;4;1;3;3;3;2;3;3;3;4;3;4;2;4;2;2;4;4;6;5;4;1
492;Resp_Wide_SW;0;0;baseline;level 3;2;2;211.111.111.111.111;1;7;7;5;male;22;1;55230;5;1;10;3;6;2;2;2;2;2;2;2;2;2;2;2;2;2;3;2;2;2;7;1;7;7;1
494;Resp_Wide_SW;0;0;baseline;level 3;266.666.666.666.667;6;277.777.777.777.778;3;7;5;7;male;24;1;10000;4;1;4;1;6;7;6;1;5;2;3;1;3;6;4;2;1;2;3;4;7;7;7;1;7;7;1
495;Resp_Wide_SW;3;0;wide;level 3;2;333.333.333.333.333;188.888.888.888.889;1;7;2;7;female;24;1;10000;5;2;6;5;7;1;1;2;2;2;1;1;1;5;1;1;4;1;2;2;2;6;7;1;7;6;1
497;Resp_Wide_SW;3;1;wide;level 5;5;566.666.666.666.667;388.888.888.888.889;3;5;1;4;male;28;1;25000;5;3;11;1;3;5;6;5;5;5;4;4;4;4;4;2;4;4;5;6;5;6;6;2;7;7;1
498;Resp_Wide_SW;0;1;baseline;level 5;133.333.333.333.333;366.666.666.666.667;188.888.888.888.889;2;6;4;6;male;50;1;11000;2;2;4;1;4;1;5;1;2;1;1;1;1;1;5;1;1;5;1;3;1;7;6;1;6;6;1
499;Resp_Wide_SW;3;0;wide;level 3;4;4;4;4;4;4;4;female;61;2;7000;5;4;3;1;4;1;6;4;4;4;4;4;4;4;4;4;4;4;4;4;4;4;5;2;5;5;1
501;Resp_Wide_SW;3;1;wide;level 5;4;3;4;2;5;1;7;female;55;1;18000;4;3;11;1;5;1;4;4;4;4;4;4;4;4;4;4;4;4;4;1;1;7;6;2;7;6;1
